day,n_trades,usd_per_xch,q25,q75,n_sell,n_buy
2024-05-22,13,31.7,26.9399,33.0,4,9
2024-05-23,39,29.502,28.18,30.4708,19,20
2024-05-24,25,31.2979,31.0,32.0,4,21
2024-05-25,14,31.3995,30.833,31.9792,7,7
2024-05-26,9,31.9008,31.5,32.5,3,6
2024-05-27,25,32.0,31.17,33.0,8,17
2024-05-28,10,32.325,32.0,33.0625,2,8
2024-05-29,7,32.5,31.5344,32.759,1,6
2024-05-30,12,32.471,32.0059,32.6,8,4
2024-05-31,35,32.0,32.0,32.0,0,35
2024-06-01,3,31.061,30.9831,31.2275,1,2
2024-06-02,5,31.15,31.1,31.5724,0,5
2024-06-03,4,31.8457,31.7633,31.9742,1,3
2024-06-04,8,31.764,31.354,33.3555,2,6
2024-06-05,4,31.6955,31.2931,32.071,1,3
2024-06-06,15,33.99,33.0133,34.5462,7,8
2024-06-07,3,32.5685,31.5343,32.9057,1,2
2024-06-08,4,30.375,30.0625,30.8064,1,3
2024-06-09,8,30.902,30.3714,31.8649,3,5
2024-06-10,2,29.13,28.9451,29.315,0,2
2024-06-11,16,29.0,27.865,29.5496,4,12
2024-06-12,10,25.9828,24.8721,26.8539,0,10
2024-06-13,10,27.8411,26.9734,28.526,3,7
2024-06-14,25,27.52,27.32,28.62,8,17
2024-06-15,1,27.2014,27.2014,27.2014,0,1
2024-06-16,8,26.65,26.48,27.1556,2,6
2024-06-17,33,26.7,26.5,26.93,11,22
2024-06-18,26,24.69,24.38,25.0,4,22
2024-06-19,2,25.0,25.0,25.0,0,2
2024-06-20,1,24.29,24.29,24.29,1,0
2024-06-22,14,26.1016,23.792,26.8683,10,4
2024-06-23,10,23.3273,23.2,23.6875,0,10
2024-06-24,8,24.5305,23.7923,30.2635,1,7
2024-06-25,2,25.064,24.3067,25.8212,0,2
2024-06-26,7,23.3918,22.9348,24.0547,0,7
2024-06-27,3,24.0096,23.8738,24.1794,0,3
2024-06-30,3,26.0529,25.0385,26.1449,1,2
2024-07-01,1,22.4978,22.4978,22.4978,0,1
2024-07-02,1,22.6364,22.6364,22.6364,0,1
2024-07-04,7,21.7391,21.7391,21.8926,0,7
2024-07-05,11,20.0,19.0052,20.8121,0,11
2024-07-06,2,20.273,20.1365,20.4095,0,2
2024-07-07,1,19.084,19.084,19.084,0,1
2024-07-08,2,18.1693,18.154,18.1847,0,2
2024-07-09,2,20.9684,20.024,21.9128,0,2
2024-07-10,3,20.0861,19.4181,23.0386,0,3
2024-07-11,1,20.1338,20.1338,20.1338,0,1
2024-07-14,4,22.348,21.5461,22.929,2,2
2024-07-15,2,20.4891,20.1797,20.7986,0,2
2024-07-19,1,20.3041,20.3041,20.3041,1,0
2024-07-23,2,19.5389,19.3944,19.6833,0,2
2024-07-24,5,22.3461,20.7814,23.4154,5,0
2024-07-25,1,18.3768,18.3768,18.3768,1,0
2024-07-26,6,19.221,19.1728,19.6316,0,6
2024-07-27,2,19.486,19.481,19.491,0,2
2024-07-28,3,18.0859,17.6139,18.4464,3,0
2024-07-29,1,17.5377,17.5377,17.5377,0,1
2024-07-31,4,17.3517,17.0833,17.9437,3,1
2024-08-01,7,18.018,16.67,18.4661,3,4
2024-08-02,6,15.9323,15.244,17.2707,4,2
2024-08-03,1,17.5003,17.5003,17.5003,0,1
2024-08-04,22,16.536,16.2398,16.7663,6,16
2024-08-05,24,15.12,14.2049,15.6075,17,7
2024-08-06,7,15.6668,15.4063,15.929,4,3
2024-08-07,9,15.72,15.36,15.942,8,1
2024-08-08,4,15.3228,15.2461,15.4218,0,4
2024-08-09,6,15.345,15.34,15.425,4,2
2024-08-11,4,15.1868,15.1253,15.2626,3,1
2024-08-12,6,14.8856,14.7457,15.0116,3,3
2024-08-13,2,14.8384,14.7702,14.9065,0,2
2024-08-14,8,15.4305,15.3671,15.5175,6,2
2024-08-15,5,14.5708,14.38,14.596,3,2
2024-08-16,7,14.0,13.9521,14.3765,4,3
2024-08-17,9,14.0,13.7509,14.4053,2,7
2024-08-18,1,14.6372,14.6372,14.6372,1,0
2024-08-19,11,15.5541,15.1655,15.7812,5,6
2024-08-20,1,15.5566,15.5566,15.5566,1,0
2024-08-21,3,16.043,15.6373,16.3199,3,0
2024-08-23,11,16.1402,15.9569,17.2591,4,7
2024-08-24,5,17.2,16.8836,17.2,1,4
2024-08-25,4,16.7235,16.6459,16.8438,3,1
2024-08-26,8,15.8435,15.5297,16.2328,5,3
2024-08-27,11,15.4039,15.1149,15.8615,8,3
2024-08-28,21,14.2803,13.8883,14.53,18,3
2024-08-29,11,14.2012,13.9372,14.6456,5,6
2024-08-30,15,13.6291,13.4523,13.7175,8,7
2024-08-31,2,14.6347,14.3521,14.9174,1,1
2024-09-01,12,13.775,13.6375,13.8625,3,9
2024-09-02,2,14.1667,13.7191,14.6144,1,1
2024-09-03,13,13.6355,13.5,13.7325,10,3
2024-09-04,18,13.38,13.1477,13.4982,9,9
2024-09-05,16,13.3275,13.0433,13.461,11,5
2024-09-06,8,13.2625,12.8597,13.3684,4,4
2024-09-07,13,13.1663,13.0855,13.25,2,11
2024-09-08,16,13.2917,13.1802,13.4636,7,9
2024-09-09,8,13.3316,13.3161,13.3573,6,2
2024-09-10,9,13.4952,13.4395,13.5231,8,1
2024-09-11,7,13.3057,13.2805,13.3475,2,5
2024-09-12,3,13.2778,13.2639,13.3599,0,3
2024-09-13,16,13.277,13.253,13.4016,15,1
2024-09-14,6,13.4604,13.3548,14.0894,4,2
2024-09-15,2,13.1563,13.1076,13.205,2,0
2024-09-16,37,13.0841,13.0213,13.1477,12,25
2024-09-17,19,12.9269,12.8955,12.9696,3,16
2024-09-18,5,13.0878,13.07,13.21,4,1
2024-09-19,133,13.6142,13.3387,13.8668,112,21
2024-09-20,1,13.9384,13.9384,13.9384,1,0
2024-09-21,24,14.2697,14.1774,14.5516,12,12
2024-09-22,5,15.5174,15.1816,15.613,4,1
2024-09-23,8,14.7898,14.6418,15.954,5,3
2024-09-24,9,14.6,14.6,14.7345,3,6
2024-09-25,14,15.25,14.9857,15.25,4,10
2024-09-26,10,15.1392,14.9606,15.2598,5,5
2024-09-27,9,15.515,15.3641,15.8121,5,4
2024-09-28,15,15.526,15.2613,15.6347,7,8
2024-09-29,7,15.2533,15.1527,15.471,3,4
2024-09-30,7,15.3279,15.1414,15.64,6,1
2024-10-01,29,14.2953,13.2954,14.7082,15,14
2024-10-02,7,13.555,13.4397,13.7945,4,3
2024-10-03,78,12.835,12.6775,13.3418,41,37
2024-10-04,69,13.3732,13.1448,13.6258,50,19
2024-10-05,11,15.7998,15.5709,15.8819,9,2
2024-10-06,30,16.0825,15.7587,16.5754,18,12
2024-10-07,13,16.904,16.685,17.99,10,3
2024-10-08,9,16.5005,16.2985,16.6516,2,7
2024-10-09,6,16.3112,15.9703,16.686,5,1
2024-10-10,13,15.2914,15.2188,15.3977,5,8
2024-10-11,8,16.0974,15.9323,16.2536,3,5
2024-10-12,3,16.5348,16.3647,16.6187,2,1
2024-10-13,5,15.9651,15.8752,16.14,5,0
2024-10-14,3,15.7745,15.7,15.8946,1,2
2024-10-15,6,15.7274,15.6424,15.8345,3,3
2024-10-16,2,16.0062,15.7617,16.2508,2,0
2024-10-17,5,15.2222,15.1049,15.592,4,1
2024-10-18,4,14.8134,14.7033,14.9403,2,2
2024-10-19,5,15.1067,15.0406,15.17,2,3
2024-10-20,3,15.1515,15.0134,15.2237,2,1
2024-10-21,3,15.2089,15.1526,15.3356,2,1
2024-10-22,5,14.6872,14.4917,14.9312,5,0
2024-10-23,5,14.1193,14.0016,14.5048,3,2
2024-10-24,11,13.695,13.6147,14.0834,4,7
2024-10-25,11,13.9438,13.6587,14.0677,7,4
2024-10-26,8,13.5128,13.367,13.5584,7,1
2024-10-27,64,13.9679,13.801,14.1335,45,19
2024-10-28,8,13.6062,13.5773,13.6784,6,2
2024-10-29,18,14.1378,13.9732,14.6823,10,8
2024-10-30,7,13.982,13.8958,14.1685,5,2
2024-10-31,19,13.4527,13.2395,13.6889,12,7
2024-11-01,40,13.2471,12.9961,13.4328,16,24
2024-11-02,30,13.4966,13.17,13.8333,21,9
2024-11-03,67,12.8889,12.6695,13.195,32,35
2024-11-04,22,12.5488,12.2743,12.6355,11,11
2024-11-05,24,12.6381,12.4953,12.7422,15,9
2024-11-06,24,13.2185,13.0885,13.4665,7,17
2024-11-07,14,14.1717,13.92,14.3589,11,3
2024-11-08,19,13.637,13.381,13.909,13,6
2024-11-09,11,13.9412,13.7848,14.0705,0,11
2024-11-10,25,14.9853,14.78,15.143,14,11
2024-11-11,36,15.8016,15.5014,16.1355,23,13
2024-11-12,18,15.3703,14.8241,15.5061,10,8
2024-11-13,15,14.3892,14.2372,14.556,8,7
2024-11-14,29,14.494,14.2975,14.5309,23,6
2024-11-15,49,14.126,14.01,14.227,29,20
2024-11-16,46,14.8183,14.5464,15.0544,31,15
2024-11-17,9,15.2854,15.224,15.325,6,3
2024-11-18,18,15.832,15.5881,15.9862,12,6
2024-11-19,17,15.701,15.536,15.838,10,7
2024-11-20,52,15.0133,14.8359,15.261,27,25
2024-11-21,11,15.0633,15.0138,15.1083,6,5
2024-11-22,19,15.2841,15.2226,15.3851,14,5
2024-11-23,229,17.0719,16.1433,23.7571,143,86
2024-11-24,53,22.55,21.7192,25.1833,33,20
2024-11-25,52,23.9084,23.5393,24.2646,30,22
2024-11-26,234,24.0076,23.555,24.724,132,102
2024-11-27,22,24.1999,23.709,24.4892,15,7
2024-11-28,31,24.0,20.8497,24.4768,18,13
2024-11-29,74,26.9282,26.448,27.7837,33,41
2024-11-30,58,30.4063,28.5354,31.6494,34,24
2024-12-01,21,30.5956,30.1203,31.2712,11,10
2024-12-02,35,32.2289,31.2597,33.6636,21,14
2024-12-03,50,31.9115,31.4547,33.2273,22,28
2024-12-04,23,33.2485,32.3205,33.905,14,9
2024-12-05,11,32.0,31.435,32.258,7,4
2024-12-06,17,32.0061,31.6257,32.5313,8,9
2024-12-07,4,32.0515,32.0456,32.1221,1,3
2024-12-08,20,32.3198,31.8561,33.0333,12,8
2024-12-09,73,29.0859,27.6321,31.0924,48,25
2024-12-10,56,25.7071,24.8917,26.3653,35,21
2024-12-11,35,26.4576,25.5105,26.9954,15,20
2024-12-12,34,27.8809,27.0627,28.5763,20,14
2024-12-13,13,27.1781,26.8537,27.4944,6,7
2024-12-14,25,28.0788,27.499,28.5746,18,7
2024-12-15,20,28.1989,27.5981,28.9122,13,7
2024-12-16,15,27.1902,26.9426,27.4307,6,9
2024-12-17,16,26.5688,25.996,27.0473,12,4
2024-12-18,25,24.2766,24.0171,24.5574,11,14
2024-12-19,24,24.2715,24.0075,24.5523,15,9
2024-12-20,70,21.1095,20.2218,21.8788,38,32
2024-12-21,22,21.9943,21.4165,22.3179,14,8
2024-12-22,11,21.0177,20.9071,21.1185,5,6
2024-12-23,16,21.7615,21.575,22.3006,3,13
2024-12-24,8,22.7917,22.6394,22.9025,2,6
2024-12-25,8,22.9455,22.7824,23.1041,5,3
2024-12-26,12,22.8046,22.2553,23.0025,8,4
2024-12-27,6,21.5879,21.4928,21.7916,3,3
2024-12-28,5,21.8759,21.8028,21.981,0,5
2024-12-29,13,21.8991,21.8625,22.0807,10,3
2024-12-30,17,21.7498,21.0084,22.1234,11,6
2024-12-31,16,21.5614,21.3836,21.7944,6,10
2025-01-01,8,21.9581,21.7816,22.1459,1,7
2025-01-02,58,24.3505,23.6504,24.7951,26,32
2025-01-03,21,23.9959,23.742,24.3932,9,12
2025-01-04,12,24.25,24.23,24.25,3,9
2025-01-05,15,23.9169,23.7469,24.0292,8,7
2025-01-06,89,25.04,24.3424,25.345,61,28
2025-01-07,183,23.9726,23.5325,24.5827,89,94
2025-01-08,39,22.4275,21.7005,24.028,23,16
2025-01-09,67,21.9872,21.3725,22.4779,37,30
2025-01-10,28,22.4085,21.9204,22.9689,11,17
2025-01-11,29,23.6271,23.1481,24.291,17,12
2025-01-12,47,22.76,22.75,23.005,13,34
2025-01-13,26,22.2449,21.1578,33.3333,10,16
2025-01-14,24,21.7713,21.2852,22.2689,12,12
2025-01-15,40,22.4456,22.1245,23.0133,17,23
2025-01-16,28,23.392,23.0413,23.6626,16,12
2025-01-17,25,23.999,23.6,26.0822,17,8
2025-01-18,39,23.636,22.9351,23.8426,20,19
2025-01-19,34,21.2095,20.5483,21.7202,13,21
2025-01-20,37,19.6617,19.2174,20.5808,17,20
2025-01-21,69,19.6503,19.515,19.9567,18,51
2025-01-22,14,20.0912,20.0132,20.3533,13,1
2025-01-23,15,19.5351,19.4791,19.6203,13,2
2025-01-24,14,18.8513,18.7665,19.4391,5,9
2025-01-25,4,19.288,19.0823,19.4749,1,3
2025-01-26,17,18.659,18.6149,18.7328,3,14
2025-01-27,31,17.7527,17.6001,17.9604,21,10
2025-01-28,17,17.6796,17.4188,17.8273,9,8
2025-01-29,25,17.4789,17.3696,17.55,17,8
2025-01-30,5,17.2896,17.237,17.3677,1,4
2025-01-31,10,17.9195,17.82,17.9345,4,6
2025-02-01,20,17.0699,16.8351,17.5407,14,6
2025-02-02,38,15.3037,14.7384,16.0271,18,20
2025-02-03,161,11.9258,11.1283,13.0902,81,80
2025-02-04,40,12.9673,12.5153,13.2687,16,24
2025-02-05,19,13.2,13.1047,13.361,13,6
2025-02-06,16,13.1267,12.8953,13.3349,11,5
2025-02-07,63,12.6582,12.5354,12.8435,35,28
2025-02-08,11,12.4034,12.3004,12.6458,5,6
2025-02-09,35,12.81,12.7195,13.1008,18,17
2025-02-10,21,12.8043,12.5993,12.8987,10,11
2025-02-11,27,13.0023,12.8921,13.2313,19,8
2025-02-12,17,12.7878,12.7286,12.9701,11,6
2025-02-13,15,13.3298,13.1078,14.596,12,3
2025-02-14,39,13.0868,12.9841,13.4381,30,9
2025-02-15,17,12.8103,12.646,13.2879,9,8
2025-02-16,26,13.7165,13.2359,13.8279,13,13
2025-02-17,23,13.9421,13.8579,14.0246,7,16
2025-02-18,17,13.349,12.9195,13.7,8,9
2025-02-19,30,12.9382,12.8495,13.132,7,23
2025-02-20,17,13.8936,13.2011,14.5228,9,8
2025-02-21,24,13.611,13.4543,13.9343,14,10
2025-02-22,21,13.4966,13.4763,13.6059,18,3
2025-02-23,11,13.5264,13.4176,13.6806,3,8
2025-02-24,19,13.216,12.9573,13.4501,15,4
2025-02-25,62,14.0843,13.0297,15.0027,27,35
2025-02-26,41,15.436,14.9602,16.3517,23,18
2025-02-27,41,16.2735,15.9471,16.4175,28,13
2025-02-28,40,16.2276,15.6744,17.0027,22,18
2025-03-01,55,16.5533,16.3201,16.8503,47,8
2025-03-02,24,16.7943,16.4599,16.9115,12,12
2025-03-03,34,17.4215,17.2104,17.5904,20,14
2025-03-04,42,16.0144,15.5074,16.3474,23,19
2025-03-05,14,16.2994,16.0611,16.5564,7,7
2025-03-06,20,16.5517,16.0285,16.935,11,9
2025-03-07,12,15.4137,15.3209,15.5625,8,4
2025-03-08,7,14.7405,14.5919,14.8923,4,3
2025-03-09,49,13.669,13.5613,13.956,41,8
2025-03-10,47,13.5587,13.4409,13.6715,40,7
2025-03-11,19,13.0197,12.7375,13.4135,10,9
2025-03-12,47,13.2479,13.1969,13.3197,39,8
2025-03-13,20,12.6494,12.5613,12.7407,9,11
2025-03-14,21,13.1762,13.0474,13.2095,16,5
2025-03-15,26,13.2744,13.1564,13.4382,17,9
2025-03-16,28,13.3483,13.3085,13.4212,27,1
2025-03-17,16,12.7329,12.6252,12.9164,5,11
2025-03-18,13,12.5,12.4378,12.5715,7,6
2025-03-19,73,12.8517,12.6942,13.0323,51,22
2025-03-20,42,12.8452,12.7019,13.0452,28,14
2025-03-21,19,12.433,12.3409,12.7686,14,5
2025-03-22,12,12.3579,12.1726,12.4392,4,8
2025-03-23,15,12.7506,12.3866,14.308,11,4
2025-03-24,3,12.5,12.3764,12.6378,2,1
2025-03-25,8,12.4631,12.3579,14.126,8,0
2025-03-26,8,12.3086,12.2174,12.4391,5,3
2025-03-27,4,12.2409,12.174,12.3201,2,2
2025-03-28,26,11.6716,11.4985,11.9114,14,12
2025-03-29,16,11.159,10.8813,11.4611,8,8
2025-03-30,15,10.8242,10.7515,10.9065,7,8
2025-03-31,24,10.9324,10.7069,11.1012,11,13
2025-04-01,14,11.2691,11.0798,11.5082,6,8
2025-04-02,13,11.3247,11.2272,11.36,8,5
2025-04-03,39,10.8587,10.7604,11.1028,33,6
2025-04-04,11,10.9632,10.8286,10.9941,5,6
2025-04-05,11,10.9782,10.9499,11.0113,10,1
2025-04-06,51,9.7974,9.6686,10.4373,40,11
2025-04-07,46,9.9389,9.5801,10.2985,26,20
2025-04-08,42,10.0706,9.8986,10.4312,24,18
2025-04-09,20,10.2003,9.7982,10.6464,5,15
2025-04-10,13,10.7545,10.6021,10.9651,7,6
2025-04-11,27,11.3553,11.2888,11.5311,10,17
2025-04-12,11,11.6224,11.5777,11.6862,9,2
2025-04-13,13,11.2978,11.227,11.4057,10,3
2025-04-14,2,11.1977,11.1349,11.2606,1,1
2025-04-15,13,11.0601,10.9566,11.166,12,1
2025-04-16,15,10.9381,10.7506,10.9631,9,6
2025-04-17,7,10.7214,10.6452,10.867,6,1
2025-04-18,1,10.5353,10.5353,10.5353,1,0
2025-04-19,4,10.82,10.8033,10.8753,1,3
2025-04-20,50,10.8714,10.8369,10.9003,40,10
2025-04-21,18,12.6639,11.0796,19.5687,8,10
2025-04-22,43,11.3111,11.2548,11.4026,35,8
2025-04-23,14,11.6179,11.5246,12.5375,6,8
2025-04-24,16,11.4201,11.3234,11.4842,13,3
2025-04-25,11,11.7118,11.6041,11.8026,5,6
2025-04-26,5,11.7947,11.593,11.8367,2,3
2025-04-27,31,11.8496,11.6514,12.3586,12,19
2025-04-28,27,12.232,12.1335,12.2943,16,11
2025-04-29,21,11.8261,11.5329,12.0096,11,10
2025-04-30,51,11.6009,11.4004,11.6009,9,42
2025-05-01,22,11.5579,11.4506,11.6913,8,14
2025-05-02,13,11.8676,11.6774,11.9004,6,7
2025-05-03,57,11.3791,11.373,11.562,34,23
2025-05-04,9,11.0994,11.0805,11.3072,5,4
2025-05-05,18,11.4217,11.1955,11.5883,8,10
2025-05-06,9,11.2746,11.1554,11.3495,7,2
2025-05-07,12,11.2069,10.913,11.356,3,9
2025-05-08,69,11.8,11.639,12.16,49,20
2025-05-09,32,12.6293,12.4106,12.8001,21,11
2025-05-10,63,13.2095,12.9235,13.4214,42,21
2025-05-11,143,13.4571,13.3646,13.5555,69,74
2025-05-12,81,13.6898,13.604,14.076,40,41
2025-05-13,41,13.8202,13.6591,14.075,22,19
2025-05-14,32,13.8299,13.4507,14.0002,18,14
2025-05-15,19,13.252,13.1782,13.4002,11,8
2025-05-16,35,12.7179,12.6402,12.8012,14,21
2025-05-17,50,12.3839,12.1988,12.4798,32,18
2025-05-18,27,12.319,12.2175,12.4434,6,21
2025-05-19,13,12.4091,12.2674,12.4893,7,6
2025-05-20,54,12.3192,12.17,12.5797,31,23
2025-05-21,13,12.4776,12.2929,12.5,6,7
2025-05-22,19,12.6763,12.5134,12.8839,8,11
2025-05-23,12,12.9358,12.8275,13.0248,8,4
2025-05-24,2,12.7395,12.6593,12.8198,1,1
2025-05-25,3,12.4513,12.4087,12.5542,2,1
2025-05-26,25,12.77,12.664,12.8562,21,4
2025-05-27,24,12.6429,12.4792,12.8205,5,19
2025-05-28,23,12.8205,12.7672,13.1632,15,8
2025-05-29,6,12.692,12.5569,12.7552,3,3
2025-05-30,39,12.1327,11.8178,12.3391,23,16
2025-05-31,14,11.493,11.443,11.557,3,11
2025-06-01,22,11.45,11.3232,11.5498,9,13
2025-06-02,44,11.3157,11.0398,11.6727,27,17
2025-06-03,13,11.27,11.1862,11.4266,5,8
2025-06-04,80,11.0207,10.9136,11.21,57,23
2025-06-05,91,10.6338,10.421,10.8285,44,47
2025-06-06,28,10.4893,10.3651,10.5732,14,14
2025-06-07,44,10.9381,10.7809,11.1064,35,9
2025-06-08,19,11.2879,11.2538,11.3349,16,3
2025-06-09,44,11.0787,10.961,11.16,20,24
2025-06-10,54,11.34,11.24,11.4784,37,17
2025-06-11,35,11.5883,11.4449,11.7198,30,5
2025-06-12,33,11.0612,10.9046,11.297,21,12
2025-06-13,76,10.699,10.5947,10.8197,37,39
2025-06-14,25,10.5996,10.5996,10.669,9,16
2025-06-15,42,10.4851,10.4281,10.6672,18,24
2025-06-16,7,10.8048,10.751,10.827,4,3
2025-06-17,117,10.4678,10.385,10.595,56,61
2025-06-18,47,10.2455,10.175,10.3255,27,20
2025-06-19,58,10.2441,10.1598,10.3199,44,14
2025-06-20,28,9.9105,9.8451,9.9523,21,7
2025-06-21,71,9.8727,9.7839,9.9381,56,15
2025-06-22,117,9.426,9.3093,9.7486,93,24
2025-06-23,25,9.485,9.3952,9.7002,15,10
2025-06-24,18,10.1843,10.0449,10.2281,6,12
2025-06-25,21,10.0392,9.9003,10.0966,13,8
2025-06-26,15,9.9064,9.8075,10.0768,6,9
2025-06-27,13,9.9999,9.8957,10.0595,2,11
2025-06-28,1,9.9375,9.9375,9.9375,0,1
2025-06-29,28,10.1245,10.0998,10.1492,3,25
2025-06-30,26,9.9779,9.9521,9.9923,19,7
2025-07-01,12,9.5646,9.4997,9.6615,8,4
2025-07-02,50,9.79,9.6955,9.9224,28,22
2025-07-03,5,9.8927,9.8527,9.9326,1,4
2025-07-04,6,9.6748,9.6164,9.7309,6,0
2025-07-05,19,9.3935,9.2876,9.5964,8,11
2025-07-06,21,9.3885,9.3741,9.4761,14,7
2025-07-07,40,9.39,9.3278,9.4603,26,14
2025-07-08,9,9.4707,9.4336,9.4987,5,4
2025-07-09,68,9.8527,9.6008,10.0443,39,29
2025-07-10,52,10.0984,10.0349,10.2352,41,11
2025-07-11,87,10.8007,10.3536,11.025,50,37
2025-07-12,161,10.331,10.1888,10.5317,76,85
2025-07-13,132,10.345,10.2302,10.4354,78,54
2025-07-14,138,10.519,10.333,10.6064,62,76
2025-07-15,210,10.2679,10.1278,10.8259,114,96
2025-07-16,228,10.5493,10.4913,10.6187,141,87
2025-07-17,55,10.9347,10.7817,11.0175,33,22
2025-07-18,124,11.4605,11.3366,11.6235,73,51
2025-07-19,32,11.4289,11.3725,11.4573,18,14
2025-07-20,79,11.7588,11.6516,11.8607,46,33
2025-07-21,55,11.6418,11.5622,11.7251,22,33
2025-07-22,76,11.2772,11.194,11.3676,37,39
2025-07-23,249,10.6332,10.4583,11.0348,109,140
2025-07-24,108,10.358,10.1568,10.5197,62,46
2025-07-25,65,10.3333,10.2249,10.398,31,34
2025-07-26,1,10.3709,10.3709,10.3709,1,0
2025-07-27,128,10.2896,10.1477,10.4514,65,63
2025-07-28,102,10.039,9.9225,10.2279,44,58
2025-07-29,28,9.9433,9.897,9.997,15,13
2025-07-30,153,9.4657,9.3387,9.6607,58,95
2025-07-31,46,9.305,9.205,9.4356,16,30
2025-08-01,151,9.1403,9.0335,9.2625,80,71
2025-08-02,27,9.1859,9.158,9.2872,24,3
2025-08-03,4,9.1977,9.1502,9.2417,1,3
2025-08-04,47,9.5208,9.4821,9.5768,34,13
2025-08-05,89,9.6859,9.5618,9.7932,66,23
2025-08-06,34,9.3965,9.3295,9.496,12,22
2025-08-07,23,9.6275,9.5369,9.7303,13,10
2025-08-08,29,9.9168,9.7256,10.1048,15,14
2025-08-09,50,10.28,10.1828,10.3497,44,6
2025-08-10,55,10.4356,10.3781,10.4976,37,18
2025-08-11,36,9.9606,9.926,10.0872,28,8
2025-08-12,41,9.9472,9.8826,10.0503,18,23
2025-08-13,40,10.4011,10.3461,10.4816,30,10
2025-08-14,39,10.0945,9.9953,10.196,26,13
2025-08-15,35,9.9671,9.8561,10.0997,24,11
2025-08-16,128,9.9502,9.766,10.0503,81,47
2025-08-17,19,9.7638,9.7061,9.8084,14,5
2025-08-18,53,9.599,9.5224,9.6182,27,26
2025-08-19,14,9.5242,9.444,9.6126,5,9
2025-08-20,47,9.6069,9.5224,9.6181,27,20
2025-08-21,32,9.5766,9.5151,9.6212,28,4
2025-08-22,32,9.488,9.4047,9.5924,14,18
2025-08-23,12,9.9559,9.8086,10.0478,10,2
2025-08-24,16,9.9377,9.7627,10.0363,9,7
2025-08-25,23,9.7645,9.4943,9.8293,22,1
2025-08-26,23,9.3054,9.2602,9.3769,20,3
2025-08-27,10,9.8736,9.6443,9.932,8,2
2025-08-28,31,9.7854,9.7087,9.925,24,7
2025-08-29,16,9.8563,9.7805,9.9399,5,11
2025-08-30,8,10.0466,10.0138,10.1973,4,4
2025-08-31,9,9.9099,9.7333,9.9287,7,2
2025-09-01,12,9.5612,9.5095,9.605,10,2
2025-09-02,5,9.6511,9.4333,9.7391,3,2
2025-09-03,23,9.6895,9.6165,9.7716,19,4
2025-09-04,26,9.554,9.4877,9.6351,18,8
2025-09-05,19,9.8802,9.6168,9.9971,13,6
2025-09-06,18,9.833,9.7843,9.9124,15,3
2025-09-07,6,9.9282,9.9117,9.9513,5,1
2025-09-08,11,9.9103,9.8689,9.9594,10,1
2025-09-09,65,9.9965,9.9115,10.0531,60,5
2025-09-10,4,10.1234,10.1155,10.1472,2,2
2025-09-11,26,10.5696,10.3802,10.6759,17,9
2025-09-12,17,10.2272,10.2183,10.399,3,14
2025-09-13,2,10.65,10.625,10.675,2,0
2025-09-14,4,10.2062,10.1735,10.3149,1,3
2025-09-15,22,9.88,9.88,9.88,1,21
2025-09-16,47,9.88,9.88,10.12,18,29
2025-09-17,74,9.88,9.88,9.8941,16,58
2025-09-18,29,9.88,9.88,9.9722,13,16
2025-09-19,17,9.768,9.6979,9.8277,14,3
2025-09-20,18,9.6506,9.5877,9.7507,12,6
2025-09-21,6,9.7012,9.5479,9.7772,4,2
2025-09-22,109,8.9948,8.8668,9.2862,47,62
2025-09-23,29,9.004,8.8901,9.1864,25,4
2025-09-24,7,9.0705,9.004,9.1761,4,3
2025-09-25,28,8.8359,8.8257,8.9507,11,17
2025-09-26,8,8.7361,8.7107,8.7664,6,2
2025-09-27,13,8.7151,8.6618,8.7571,6,7
2025-09-28,8,8.5743,8.5157,8.6295,4,4
2025-09-29,21,8.5829,8.5769,8.6674,13,8
2025-09-30,22,8.1976,8.1694,8.4114,8,14
2025-10-01,33,8.4557,8.2664,8.6686,28,5
2025-10-02,52,8.8596,8.7513,8.9065,38,14
2025-10-03,8,8.6553,8.6233,8.7254,6,2
2025-10-04,6,8.615,8.5361,8.7853,3,3
2025-10-05,2,8.5497,8.4894,8.61,1,1
2025-10-06,4,8.8685,8.7643,9.0305,1,3
2025-10-07,5,9.059,8.9876,9.9664,2,3
2025-10-09,5,8.7971,8.7132,9.0,3,2
2025-10-10,117,7.5704,6.76,8.1624,55,62
2025-10-11,66,6.9619,6.5531,7.208,44,22
2025-10-12,32,7.3789,7.1669,7.5937,19,13
2025-10-13,7,7.7047,7.6029,7.7842,5,2
2025-10-14,39,7.3137,7.2114,7.5301,22,17
2025-10-15,6,7.5732,7.5142,7.6505,3,3
2025-10-16,10,7.5689,7.5512,7.6075,9,1
2025-10-17,14,7.1932,7.1484,7.3173,6,8
2025-10-18,13,7.119,7.1011,7.1367,11,2
2025-10-19,3,7.2845,7.2422,7.3044,0,3
2025-10-20,12,7.1989,7.1902,7.2039,1,11
2025-10-21,19,7.2003,7.1035,7.228,13,6
2025-10-22,26,7.0604,7.0256,7.1109,22,4
2025-10-23,9,7.0347,6.9625,7.0604,3,6
2025-10-24,57,6.8323,6.7497,6.884,8,49
2025-10-25,17,6.6331,6.591,6.7874,7,10
2025-10-26,18,6.4859,6.4179,6.6568,11,7
2025-10-27,30,6.8912,6.7895,7.0377,15,15
2025-10-28,11,6.7658,6.6919,6.8252,3,8
2025-10-29,72,6.9281,6.8976,7.0381,53,19
2025-10-30,35,6.7771,6.6093,6.8913,16,19
2025-10-31,12,6.358,6.3421,6.4376,3,9
2025-11-01,8,6.6208,6.3945,6.7783,7,1
2025-11-02,3,6.9122,6.7602,6.9739,1,2
2025-11-03,11,6.4841,6.3713,6.5808,9,2
2025-11-04,32,6.2277,5.8355,6.2925,8,24
2025-11-05,6,5.8662,5.8335,5.8973,5,1
2025-11-06,8,5.9738,5.9605,6.0544,7,1
2025-11-07,62,7.6114,7.0726,8.008,35,27
2025-11-08,8,7.9911,7.9,8.0702,5,3
2025-11-09,29,7.6084,7.4742,8.8753,12,17
2025-11-10,43,8.7502,8.4494,8.9258,12,31
2025-11-11,15,8.2429,8.2257,8.3469,5,10
2025-11-12,9,8.0759,8.0008,8.1149,7,2
2025-11-14,12,8.0841,8.0304,8.1958,8,4
2025-11-15,3,7.9072,7.8793,7.9122,1,2
2025-11-16,3,7.7409,7.7389,7.7769,1,2
2025-11-17,9,7.574,7.3501,7.6409,3,6
2025-11-18,5,7.236,7.236,7.2727,3,2
2025-11-19,11,7.094,6.8638,7.1444,2,9
2025-11-20,4,6.7429,6.7331,6.7633,4,0
2025-11-21,19,6.4857,6.3845,6.8118,9,10
2025-11-22,19,6.5459,6.4488,6.6458,3,16
2025-11-23,22,6.3909,6.3757,6.4119,20,2
2025-11-24,15,6.1833,6.1018,6.2452,7,8
2025-11-25,3,6.1963,6.1872,6.2232,1,2
2025-11-26,6,6.3354,6.3117,6.3731,3,3
2025-11-27,9,6.1244,6.0561,6.2512,6,3
2025-11-28,20,5.9042,5.8612,5.9642,10,10
2025-11-29,4,5.951,5.8923,6.0107,2,2
2025-11-30,5,6.0133,5.96,6.0414,3,2
2025-12-01,32,5.7445,5.6595,5.782,7,25
2025-12-02,21,5.8079,5.65,6.019,15,6
2025-12-03,25,5.9153,5.7905,6.03,7,18
2025-12-04,4,5.8805,5.8581,5.9342,2,2
2025-12-05,5,5.7157,5.6726,5.7248,2,3
2025-12-06,2,5.5898,5.5824,5.5972,1,1
2025-12-07,6,5.3953,5.3824,5.4009,1,5
2025-12-08,10,5.4914,5.4286,5.5436,9,1
2025-12-09,12,5.4977,5.4494,5.5745,6,6
2025-12-10,3,5.775,5.7537,5.8035,1,2
2025-12-11,2,5.5756,5.544,5.6071,2,0
2025-12-12,16,5.4668,5.3938,5.4865,12,4
2025-12-13,17,5.3425,5.2882,5.3914,8,9
2025-12-14,7,5.2633,5.2519,5.2809,2,5
2025-12-15,3,5.1578,5.0595,5.1839,2,1
2025-12-16,13,4.8445,4.786,4.8735,9,4
2025-12-17,1,4.7673,4.7673,4.7673,1,0
2025-12-18,21,4.7079,4.5749,4.8719,15,6
2025-12-19,5,4.6586,4.609,4.7045,4,1
2025-12-20,4,4.7819,4.7575,4.824,3,1
2025-12-21,3,4.8802,4.8721,4.8889,2,1
2025-12-22,1,4.8628,4.8628,4.8628,1,0
2025-12-23,3,4.8655,4.8333,4.8872,3,0
2025-12-24,7,4.9848,4.9163,5.029,5,2
2025-12-25,7,4.9843,4.8811,5.0166,2,5
2025-12-26,7,4.7717,4.7635,4.7858,3,4
2025-12-27,9,4.7285,4.6748,4.8905,7,2
2025-12-28,15,4.7378,4.6802,4.8213,5,10
2025-12-29,3,4.714,4.6844,4.75,2,1
2025-12-30,2,4.6752,4.6598,4.6906,2,0
2025-12-31,11,4.6218,4.5867,4.6631,3,8
2026-01-01,33,4.5485,4.4918,4.6978,15,18
2026-01-02,17,4.75,4.75,4.75,1,16
2026-01-03,4,4.73,4.7233,4.7852,2,2
2026-01-04,1,4.6985,4.6985,4.6985,1,0
2026-01-05,10,4.8966,4.8522,4.9084,6,4
2026-01-06,12,5.0344,4.8338,5.1192,5,7
2026-01-07,5,5.3018,5.2878,5.4168,4,1
2026-01-08,12,4.9438,4.8719,5.0201,6,6
2026-01-09,22,5.158,5.1233,5.1988,13,9
2026-01-10,147,5.328,5.2469,5.4249,70,77
2026-01-11,73,5.4476,5.3749,5.501,44,29
2026-01-12,52,5.5265,5.3906,5.6298,29,23
2026-01-13,18,5.2324,5.1878,5.3698,8,10
2026-01-14,103,5.5305,5.4835,5.5662,56,47
2026-01-15,45,5.2891,5.1914,5.3579,6,39
2026-01-16,19,5.1076,5.0727,5.1302,8,11
2026-01-17,21,5.0702,5.0288,5.0937,14,7
2026-01-18,26,5.0411,5.0056,5.0904,18,8
2026-01-19,131,4.8867,4.8033,4.9722,46,85
2026-01-20,31,4.6512,4.6062,4.7386,15,16
2026-01-21,37,4.626,4.6079,4.642,30,7
2026-01-22,42,4.578,4.5614,4.624,11,31
2026-01-23,123,4.4875,4.4075,4.5266,39,84
2026-01-24,21,4.2845,4.2625,4.314,17,4
2026-01-25,41,4.1957,4.1667,4.2325,5,36
2026-01-26,54,4.1538,4.1304,4.1874,37,17
2026-01-27,26,4.2503,4.2342,4.2758,13,13
2026-01-28,11,4.2425,4.2275,4.2626,4,7
2026-01-29,63,4.0898,4.0429,4.1476,4,59
2026-01-30,33,3.8781,3.8161,3.9468,11,22
2026-01-31,42,3.5857,3.4895,3.6852,27,15
2026-02-01,15,3.4062,3.3767,3.4798,6,9
2026-02-02,20,3.5535,3.4495,3.5885,8,12
2026-02-03,54,3.4022,3.3258,3.4807,29,25
2026-02-04,16,3.2721,2.0274,3.4286,12,4
2026-02-05,24,3.161,3.1359,3.2679,6,18
2026-02-06,18,3.232,3.1894,3.3288,10,8
2026-02-07,17,3.2626,3.2288,3.2972,3,14
2026-02-08,17,3.3769,3.3288,3.4134,9,8
2026-02-09,33,3.2175,3.1925,3.2475,6,27
2026-02-10,17,3.0692,2.9746,3.0839,4,13
2026-02-11,10,3.0317,2.9962,3.0523,6,4
2026-02-12,38,2.9366,2.9134,2.9656,20,18
2026-02-13,14,2.8609,2.8393,2.9912,6,8
2026-02-14,7,3.0052,2.9622,3.0353,4,3
2026-02-15,6,3.0889,3.0707,3.1172,3,3
2026-02-16,24,2.9649,2.9374,3.0078,13,11
2026-02-17,15,2.9052,2.8896,2.9551,8,7
2026-02-18,13,2.8812,2.8217,2.8984,2,11
2026-02-19,13,2.6491,2.6337,2.6895,7,6
2026-02-20,5,2.6921,2.6647,2.713,4,1
2026-02-21,6,2.6735,2.6312,2.7554,4,2
2026-02-22,16,2.5983,2.5486,2.6124,4,12
2026-02-23,7,2.6663,2.6347,2.6799,6,1
2026-02-24,23,2.5199,2.5046,2.5804,12,11
2026-02-25,7,2.5147,2.4662,2.5296,3,4
2026-02-26,6,2.6764,2.623,2.7261,2,4
2026-02-27,11,2.744,2.7024,2.7806,4,7
2026-02-28,4,2.699,2.6858,2.7125,4,0
2026-03-01,11,2.6621,2.655,2.681,10,1
2026-03-02,2,2.5837,2.5747,2.5927,1,1
2026-03-03,3,2.6983,2.6739,2.7047,0,3
2026-03-04,35,2.8318,2.7695,2.9719,19,16
2026-03-05,16,2.8369,2.8163,2.8674,8,8
2026-03-06,6,2.7447,2.7158,2.778,4,2
2026-03-07,3,2.6637,2.658,2.6855,1,2
2026-03-08,9,2.5549,2.5402,2.591,3,6
2026-03-09,4,2.5857,2.5711,2.6048,2,2
2026-03-10,4,2.5999,2.5881,2.6066,4,0
2026-03-11,16,2.53,2.5066,2.5535,7,9
2026-03-12,9,2.5421,2.502,2.6265,1,8
2026-03-13,3,2.713,2.6995,2.7282,2,1
2026-03-14,6,2.6981,2.6953,2.7031,0,6
2026-03-15,6,2.7864,2.7473,2.8194,4,2
2026-03-16,3,2.9235,2.8618,2.9328,2,1
2026-03-17,14,3.074,3.0187,3.1175,7,7
2026-03-18,16,3.0865,3.0532,3.1091,11,5
2026-03-19,10,2.8225,2.7901,2.8705,9,1
2026-03-20,31,2.7858,2.7205,2.9681,20,11
2026-03-21,15,2.83,2.7941,3.2896,8,7
2026-03-22,11,2.7967,2.7416,2.8824,6,5
2026-03-23,61,2.9163,2.8968,2.9243,6,55
2026-03-24,92,2.9639,2.9262,2.9922,64,28
2026-03-25,29,2.9124,2.904,2.9323,12,17
2026-03-26,65,2.8299,2.8088,2.8889,33,32
2026-03-27,48,2.8613,2.7837,2.8776,9,39
2026-03-28,53,2.744,2.744,2.7671,38,15
2026-03-29,18,2.7171,2.7171,2.7275,4,14
2026-03-30,10,2.7067,2.7047,2.7087,9,1
2026-03-31,73,2.7171,2.7024,2.759,26,47
2026-04-01,38,2.6231,2.5789,2.6641,20,18
2026-04-02,55,2.5539,2.5165,2.5562,17,38
2026-04-03,45,2.4417,2.4105,2.5,28,17
2026-04-04,63,2.3996,2.3793,2.4214,47,16
2026-04-05,144,2.3662,2.3417,2.3761,76,68
2026-04-06,70,2.3369,2.3229,2.3546,24,46
2026-04-07,74,2.3069,2.2864,2.3205,48,26
2026-04-08,24,2.3284,2.3033,2.3404,8,16
2026-04-09,64,2.3127,2.2987,2.3336,43,21
2026-04-10,88,2.3761,2.3438,2.4177,61,27
2026-04-11,53,2.3011,2.2949,2.31,30,23
2026-04-12,54,2.2893,2.2844,2.2975,25,29
2026-04-13,102,2.2326,2.2019,2.2697,20,82
2026-04-14,60,2.1868,2.1467,2.2161,28,32
2026-04-15,17,2.17,2.1469,2.186,17,0
2026-04-16,68,2.1687,2.1469,2.2169,44,24
2026-04-17,43,2.3092,2.2437,2.3414,23,20
2026-04-18,16,2.376,2.3298,2.4028,6,10
2026-04-19,55,2.4357,2.4243,2.4679,39,16
2026-04-20,45,2.3517,2.3167,2.4172,20,25
2026-04-21,38,2.5575,2.5255,2.5917,24,14
2026-04-22,35,2.618,2.613,2.6858,30,5
2026-04-23,73,2.684,2.6449,2.7085,58,15
2026-04-24,34,2.5559,2.4985,2.5707,18,16
2026-04-25,55,2.42,2.3876,2.4526,20,35
2026-04-26,42,2.3529,2.3363,2.3751,38,4
2026-04-27,2,2.3287,2.3224,2.3351,2,0
2026-04-28,9,2.3312,2.3161,2.35,7,2
2026-04-29,11,2.4229,2.318,2.4253,2,9
2026-04-30,4,2.3168,2.2948,2.3321,2,2
2026-05-01,7,2.3081,2.3081,2.3625,0,7
2026-05-02,11,2.1327,2.1199,2.1624,3,8
2026-05-03,57,2.2116,2.0959,2.3326,13,44
2026-05-04,33,2.0766,2.0644,2.09,31,2
2026-05-05,113,2.1,2.0836,2.104,27,86
2026-05-06,2,2.1643,2.1586,2.17,1,1
2026-05-07,19,2.1948,2.1807,2.2149,11,8
2026-05-08,17,2.254,2.2158,2.2751,6,11
2026-05-09,1,2.2721,2.2721,2.2721,0,1
2026-05-10,10,2.292,2.2679,2.2973,3,7
2026-05-11,11,2.3276,2.292,2.3527,6,5
2026-05-12,24,2.3164,2.2916,2.3317,12,12
2026-05-13,18,2.3535,2.3131,2.4074,12,6
2026-05-14,38,2.4794,2.4582,2.5186,24,14
2026-05-15,35,2.464,2.4102,2.495,26,9
2026-05-16,61,2.42,2.3748,2.5,33,28
2026-05-17,45,2.6441,2.6056,2.6637,14,31
2026-05-18,50,2.6931,2.5873,2.7736,25,25
2026-05-19,97,3.4857,3.2225,3.5407,62,35
2026-05-20,37,3.3604,3.284,3.5912,30,7
2026-05-21,75,3.3333,3.2168,3.4453,62,13
2026-05-22,42,3.1528,3.016,3.2368,24,18
2026-05-23,59,3.1431,3.0321,3.2271,59,0
