code,asset_name,asset_id,offers,leg_appearances
FBX,Farmer Bucks,f1f44ff3da039ae26709ed636d6d91c4b2b2e34e8ab974bd5ec862e380fd266b,38482,38483
ALWORK,Abandoned Land - Work,9995f30b83e7d3f3ea0eec7e450dbcade83f76516da79daa9a84a9daafec2329,31601,31601
wUSDC.b,Base warp.green USDC,fa4a180ac326e67ea289b869e3448256f6af05721f7cf934cb9901baa6b7a99d,27649,27649
SBX,Spacebucks,a628c1c2c6fcb74d53746157e438e108eab5c0bb3e5c80ff9b1910b3e4832913,22671,22671
USDSC,Stably USDS Classic ⚠️,6d95dae356e32a71db5ddcb42224754a02524c615c5fc35f568c2af04774e589,20923,20923
BYC,Bytecash,ae1536f56760e471ad85ead45f00d680ff9cca73b8cc3407be778f1c0c606eac,20325,20325
DBX,dexie bucks,db1a9020d48d9d4ad22631b66ab4b9ebd3637ef7758ad38881348c5d24c38f20,19840,19840
ALTOOL,Abandoned Land - Tool,593c68c3f0c2061ea384ff30d9f3bef15039c6d5fbd46b555c73b2e9b490fca5,18839,18839
BEPE,BEPE,ccda69ff6c44d687994efdbee30689be51d2347f739287ab4bb7b52344f8bf1d,18802,18802
ALWOOD,Abandoned Land - Wood,6daab7bb79093ef60f3b83dc3d9def25e91eae55916da8bf95268eda9ee871ea,18783,18783
ALFOOD,Abandoned Land - Food,ce9dfce94a5a65c0207bf3d57b407db559e9cd34f2050f8bd61291b42bead361,18546,18546
FHW,FHW,dc77ba1f5599fa63c126b8e512573eacd3496b3e4f6712d1252b119f1e6bec2d,18484,18484
ALORE,Abandoned Land - Ore,7d176bff0ac2e15fe6e5f57352e7c3a467b476a798dd38f30e39af7ef6cc52b4,18440,18440
MBX,Moonbucks,e0005928763a7253a9c443d76837bdfab312382fc47cab85dad00be23ae4e82f,17742,17742
C2R,CAT 2 RESERVE TOKEN,eaef46c78384488c9b0b1062e96e057ba16b9836c17960731d574b071196bb73,17279,17279
HOA,HOA COIN,e816ee18ce2337c4128449bc539fbbe2ecfdd2098c4e7cab4667e223c3bdc23d,16764,16764
NIOC,NioCoin,79f6313fdb6ba66347a5bcad4af6878ac07bf5fafedeb384c3b350d913c8b6b6,14847,14847
XFUEL,XFUEL,c06ee27f9bd92f751987e9d43b1709ef664e6aee0df63f040d00605826b54a67,14668,14668
ALGOLD,Abandoned Land - Gold,446f5c3532929f71fa82f1c65f7e93170dcfbf8d59baf82a81b6f8e8f85e8a5c,14534,14534
G4M,go4me,37b231bbdc0002a4fbbb65de0007a9cf1645a292888711968a8abb9a3e40596e,13427,13427
MZ,Monkeyzoo Token,b8edcc6a7cf3738a3806fdbadb1bbcfc2540ec37f6732ab3a6a4bbcd2dbec105,12624,12624
🐈,PUSSY,3c6da5ae38438db6299426402dc23f9436ee085270ed76f8fc7f9e6b4136dca2,11710,11710
TIBET-G4M-XCH,TibetSwap LP G4M-XCH,88970c9500b70e3a4cc2a7bb9a50dbffae190ea730be475d43b5001a431d6c2d,11680,11680
MJO,MoJo•JoJo,ec25b77bc54df637392d6a0f542de65f45020405d0f36ced723bff2870c378b1,11499,11499
CH21,Chia Holiday 2021,509deafe3cd8bbfbb9ccce1d930e3d7b57b40c964fa33379b18d628175eb7a8f,10032,10034
CMTG,CMT Gold,9c09a4ca57065cadce8f3194f985056773360968a1e90a70dbe37f3630deff1e,9228,9228
THW,THW,d3647f946788b0c29b07d8fbb23d99f1accf1cf6f8f0b2840c85105439d30e63,8994,8994
GYATT,GYATT,6188396ebb38365be3f7aad1d5c0310d1b6ce66180d8847e5da096e2ce33ba1a,8230,8230
XHAY,XHAY,00535a3707d006d91221cb70eaa00f4b707bcd8ddf01b2a8bc4498875559832a,7581,7581
XSEED,XSEED,4275bd94b6913028adc4b183288a873c7cabf65c163e6db7d5686e4ccdc0bb35,7410,7410
XCOW,XCOW,2b0b9542278bd983d292d4b335460f3ddffd911cff98276fe488bd43f5d3ef7a,6696,6696
XEG,XEG Green Token,8b82932596d543ee08fe3945a9a436879d7f5051bcfed08e28f4048cb4cc5a07,6366,6368
XPIG,XPIG,367c6b0d8df5d86e5a06da7e57dc1f339a684516435c6bc86f69af1ec1adddb6,6021,6021
PEPE,PepeCoin,ec9d874e152e888231024c72e391fc484e8b6a1cf744430a322a0544e207bf46,6002,6002
❤️,LOVE,70010d83542594dd44314efbae75d82b3d9ae7d946921ed981a6cd08f0549e50,5843,5843
XSHEP,XSHEEP,bfcfab5d13381531d45a0aa73ff846e13e7b7f90f682e939f87c38a7b57bace6,5785,5785
$CHIA,VersaceFerrariVegasApartmentPatek9000Inu,69326954fe16117cd6250e929748b2a1ab916347598bc8180749279cfae21ddb,5435,5435
MIO,Marmots.io,1dadf5b097d2e1257d375759aaa15298ed3e0f70b6de275d9c70dc2f7eca14a8,5294,5294
🌱,SPROUT,ab558b1b841365a24d1ff2264c55982e55664a8b6e45bc107446b7e667bb463b,5182,5182
XCHIN,XCHICKEN,5c8eab03c9f7e58881539363c15afedbfe884e3b3d57fa96d2607780d7b0b419,5141,5141
CNAR,CNAR Token,dee835fbd92ea63fe8f192a6f94b80ae5bad7443284d1347c73143cd25a94293,5133,5134
XMILK,XMILK,f74008e2cfa9c6ebf88a3c473c2603c53b17a3c48a365fbdc752430a07e3921b,5083,5084
XMEAT,XMEAT,9841225e2372fb4a32791dd96ca231b25e4f7d14e9b59d217b8881a82f858806,4660,4660
ALWEAP,Abandoned Land - Weapon,3c75c138fe2fc94c0bae3467e7ae5a457758cb058925424ec2eb327f6b231a18,4538,4538
KUT,KUT Token,6c7b32f8f725ca4138ea1a6c3330184d3fd8a8c319946cedd4df18c848565284,4443,4443
CHEEZE,CheeZe for SpaceRatZNFT,d92268a1df8aa91aa410fcfaaa57583562bdfe9bacb458453f3518c4a3256124,4255,4255
XWOOL,XWOOL,769a1598eb4dbe931f7a9e98ebc8935130769b81131353d1f531ad79f5ecb6be,4215,4215
PP,PP,84d31c80c619070ba45ce4dc5cc0bed2ae4341a0da1d69504e28243e6ccbef37,4141,4141
XEGG,XEGG,4c9c99becbb2b4de99e2faf7e1d79789f0b8d91e7986b18f5de73b5957a0c65b,4080,4080
OEN,OENOMAUS,92f9457654ca2808440587c3347ac923f8e41c05764b45da3454b210ce4268b7,4063,4063
